_Kode,_PDF,_Link,_Judul,_Tahun,_Seniman,_Ukuran,_Media,_Lokasi,@QR-Images
SG/001/SRY/91/BBY/TM,SG_001_SRY_91_BBY_TM.pdf,https://drive.google.com/file/d/1LeLynbOUUaX58OxeHJOKX9F2OfOowo3C/view?usp=drivesdk,Topeng Kepala Suku IV,1991,Slamet Riyanto,60 x 60 cm,Hardboard cut,E06-2,/QR/QR-Data-TM/SG-001-SRY-91-BBY-TM.png
SG/002/PCY/85/BBY/TM,SG_002_PCY_85_BBY_TM.pdf,https://drive.google.com/file/d/1co_-sBnzIvWmPnSd6C-3rIiQDBNdbPI9/view?usp=drivesdk,Dutaning Nata Sung Binakara,1985,Pracoyo,62 x 52 cm,Woodcut,E13-1,/QR/QR-Data-TM/SG-002-PCY-85-BBY-TM.png
SG/003/NWR/86/BBY/TM,SG_003_NWR_86_BBY_TM.pdf,https://drive.google.com/file/d/1VlaK6Hauwmt3bUOKUv1xHWisHnQkKQjn/view?usp=drivesdk,Pergi Sembahyang,1986,I Ngh Wirakesuma,40 x 30 cm,Hardboard cut,F07-1,/QR/QR-Data-TM/SG-003-NWR-86-BBY-TM.png
SG/004/TIS/87/BBY/TM,SG_004_TIS_87_BBY_TM.pdf,https://drive.google.com/file/d/1vZtW6nl0NiAtUOYH2oxa_oNk9Ci2NqWB/view?usp=drivesdk,Pesta Pencuri,1987,Tisna Sanjaya,52 x 51 cm,Etsa Drypoint,E14-2,/QR/QR-Data-TM/SG-004-TIS-87-BBY-TM.png
SG/005/PTW/89/BBY/TM,SG_005_PTW_89_BBY_TM.pdf,https://drive.google.com/file/d/1EFjm3U0Ck_dP_fmN26e54KlFP829ieix/view?usp=drivesdk,Garuda Sakti,1989,Putu Winasa,60 x 60 cm,Hardboard cut,E02-2,/QR/QR-Data-TM/SG-005-PTW-89-BBY-TM.png
SG/006/BGW/89/BBY/TM,SG_006_BGW_89_BBY_TM.pdf,https://drive.google.com/file/d/11EJ-ZQVNBy-1V37OfwWd-2bgfvgAspNu/view?usp=drivesdk,Puber,1989,B. Gunawan,60 x 60 cm,Hardboard Cut,E14-2,/QR/QR-Data-TM/SG-006-BGW-89-BBY-TM.png
SG/007/YES/90/BBY/TM,SG_007_YES_90_BBY_TM.pdf,https://drive.google.com/file/d/11OM9QgK5Y84m1fuECWSuzntTzfJoTDTa/view?usp=drivesdk,Bibir Berbunga,1990,Y. Eka Suprihadi,37 x 37 cm,Hardboard,E05-2,/QR/QR-Data-TM/SG-007-YES-90-BBY-TM.png
SG/008/AKA/97/BBY/TM,SG_008_AKA_97_BBY_TM.pdf,https://drive.google.com/file/d/16hCXvkf5zsUPrly8OFJP41sjcx2_WQKW/view?usp=drivesdk,Mad Family,1997,Aris K,D42 cm,Etsa ,E13-1,/QR/QR-Data-TM/SG-008-AKA-97-BBY-TM.png
SG/009/AZN/96/BBY/TM,SG_009_AZN_96_BBY_TM.pdf,https://drive.google.com/file/d/1oWnVtUwO1EoORGTWiZkbOozAUWWEAYVJ/view?usp=drivesdk,Interior,1996,Acep Zamzam Noor,46 x 76 cm,Etsa,E01-2,/QR/QR-Data-TM/SG-009-AZN-96-BBY-TM.png
SG/010/WSW/98/BBY/TM,SG_010_WSW_98_BBY_TM.pdf,https://drive.google.com/file/d/1pZIdVh8C520yWTgsavLZHIwUT6qNZTuN/view?usp=drivesdk,Putus Asa,1998,Wiwik Sri Wulandari,61 x 61 cm,Woodcut diatas Kanvas,E05-1,/QR/QR-Data-TM/SG-010-WSW-98-BBY-TM.png
SG/011/YUA/97/BBY/TM,SG_011_YUA_97_BBY_TM.pdf,https://drive.google.com/file/d/1nSg-ZJpioj0smx1uqDMjC_gs-tCubvT1/view?usp=drivesdk,Merapi Putih,1997,Yulis Armita,40 x 30 cm,Woodcut,E03-2,/QR/QR-Data-TM/SG-011-YUA-97-BBY-TM.png
SG/012/BRS/97/BBY/TM,SG_012_BRS_97_BBY_TM.pdf,https://drive.google.com/file/d/1kWQxvYkukXxhM1TYTBn7-aZEEBQN09xA/view?usp=drivesdk,Thek - Thek,1997,Daru Sukamto,50 x 40 cm,Intaglio,E12-2,/QR/QR-Data-TM/SG-012-BRS-97-BBY-TM.png
SG/013/AHP/95/BBY/TM,SG_013_AHP_95_BBY_TM.pdf,https://drive.google.com/file/d/1RIVh7Lqw60VidrT1-GZIk5ckNpxsA36k/view?usp=drivesdk,Rest in Peace,1995,Agus Heru Prasetyo,50 x 60 cm,Etsa Aquatin,E12-2,/QR/QR-Data-TM/SG-013-AHP-95-BBY-TM.png
SG/014/BKS/98/BBY/TM,SG_014_BKS_98_BBY_TM.pdf,https://drive.google.com/file/d/1p6luM3k2FbDsC8SSVFaHplJK6auwUI1m/view?usp=drivesdk,Menuju Abadi,1998,Bambang Kusdirgonugroho,35 x 30 cm,Comp Print,E02-2,/QR/QR-Data-TM/SG-014-BKS-98-BBY-TM.png
SG/015/AGH/97/BBY/TM,SG_015_AGH_97_BBY_TM.pdf,https://drive.google.com/file/d/1707V3nUE9KQzlrWC_o_0JFgVfEHXVaZE/view?usp=drivesdk,Banteng Beol,1997,Agung Hanafi,70 x 80 cm,Hardboard Cut on paper,E05-2,/QR/QR-Data-TM/SG-015-AGH-97-BBY-TM.png
SG/016/AES/98/BBY/TM,SG_016_AES_98_BBY_TM.pdf,https://drive.google.com/file/d/1tHz5JGEwxX4ir1tI3ElMmY4sTI9ZMRX1/view?usp=drivesdk,Sebuah Kampung di Kota,1998,Arief Eko Saputro,60 x 40 cm,Hardboard Cut,E12-1,/QR/QR-Data-TM/SG-016-AES-98-BBY-TM.png
SG/017/APY/98/BBY/TM,SG_017_APY_98_BBY_TM.pdf,https://drive.google.com/file/d/1QBv0oglNRzNXBjZgUMmeIVAVAon3sAK7/view?usp=drivesdk,Ketegangan di Seputar Kepala,1998,Agus Prasetyo,60 x 40 cm,Relief Print,E09-1,/QR/QR-Data-TM/SG-017-APY-98-BBY-TM.png
SG/018/DDI/98/BBY/TM,SG_018_DDI_98_BBY_TM.pdf,https://drive.google.com/file/d/1kdnjGNhPdEM0Eg2Nct1l-rvZOlbLsVX2/view?usp=drivesdk,Ha...Ha...Ha...,1998,Dadang Imawan,35 x 35 cm,Hardboard Cut,E04-2,/QR/QR-Data-TM/SG-018-DDI-98-BBY-TM.png
SG/019/HFR/98/BBY/TM,SG_019_HFR_98_BBY_TM.pdf,https://drive.google.com/file/d/1-mQfg4HeuQDSU-bf9JG16rXofnreGnKi/view?usp=drivesdk,Menari,1998,Henry Firmanto,40 x 30 cm,Relief Print,E02-1,/QR/QR-Data-TM/SG-019-HFR-98-BBY-TM.png
SG/020/WDJ/98/BBY/TM,SG_020_WDJ_98_BBY_TM.pdf,https://drive.google.com/file/d/1cIjmVXKPmKrXezoO8e0h-w1TlFFBAKrm/view?usp=drivesdk,O..OH,1998,Wahyu Dwi J,30 x 40 cm,Intaglio + Relief Print,E04-1,/QR/QR-Data-TM/SG-020-WDJ-98-BBY-TM.png
SG/021/TLS/98/BBY/TM,SG_021_TLS_98_BBY_TM.pdf,https://drive.google.com/file/d/1AT0Da2au5nKOLb5WdBmhsUd4_00YraV6/view?usp=drivesdk,Naik Tiger,1998,Tulus,25 x 40 cm,Hardboard cut,E14-1,/QR/QR-Data-TM/SG-021-TLS-98-BBY-TM.png
SG/022/MAY/99/BBY/TM,SG_022_MAY_99_BBY_TM.pdf,https://drive.google.com/file/d/1SEUwQVDsjtSTz4-BqfuxN2oYFOS1-rZw/view?usp=drivesdk,Isyarat Cinta 1,1999,I Made Aryadwita (Dedok),40 x 40 cm,Tinta cetak pada kertas,F07-1,/QR/QR-Data-TM/SG-022-MAY-99-BBY-TM.png
SG/023/ZAD/00/BBY/TM,SG_023_ZAD_00_BBY_TM.pdf,https://drive.google.com/file/d/1gciWv6zzv6gvqLGqVXV05J2jBzbYy_ir/view?usp=drivesdk,Dalam Kedamaian Puji Syukur,2000,Zamrud SN,24 x 37 cm,,E04-1,/QR/QR-Data-TM/SG-023-ZAD-00-BBY-TM.png
SG/024/ATC/01/BBY/TM,SG_024_ATC_01_BBY_TM.pdf,https://drive.google.com/file/d/16Q_s9f-hjBbcUlBDb_0qsrbmm6IxY7-T/view?usp=drivesdk,Untitled,2001,Ay Tjoe Christin,39.5 x 33 cm,Drypoint & Etsa,E07-1,/QR/QR-Data-TM/SG-024-ATC-01-BBY-TM.png
SG/025/DRY/99/BBY/TM,SG_025_DRY_99_BBY_TM.pdf,https://drive.google.com/file/d/1LAsAG1PeBKkkjS16klJI2cfLWGYOCEO7/view?usp=drivesdk,Pada Suatu Almi,1999,Dina Riyanti,39 x 29.5 cm,Etsa Warna,E05-2,/QR/QR-Data-TM/SG-025-DRY-99-BBY-TM.png
SG/026/KUR/01/BBY/TM,SG_026_KUR_01_BBY_TM.pdf,https://drive.google.com/file/d/1F70Hcg9TGNy4-QonLIqdAy6zTrLmyJ3y/view?usp=drivesdk,Arogansi,2001,Kurniasari,29.5 x 24.5 cm,Etsa on paper,E11-2,/QR/QR-Data-TM/SG-026-KUR-01-BBY-TM.png
SG/027/AGY/01/BBY/TM,SG_027_AGY_01_BBY_TM.pdf,https://drive.google.com/file/d/1cM5oO61jR6V7qaodOY8N59ap6tgbkP6C/view?usp=drivesdk,Kembali ke Hati,2001,Agus Yulianto,240 x 120 cm,Harboard Cut on camvas,G 07,/QR/QR-Data-TM/SG-027-AGY-01-BBY-TM.png
SG/028/ECY/01/BBY/TM,SG_028_ECY_01_BBY_TM.pdf,https://drive.google.com/file/d/1zH33O7WCevcpuHOAjv2jRNFUyEdwsbj8/view?usp=drivesdk,Terkontaminasi,2001,Eko Cahyono,30 x 21 cm,Intaglio,E03-2,/QR/QR-Data-TM/SG-028-ECY-01-BBY-TM.png
SG/029/AJW/02/BBY/TM,SG_029_AJW_02_BBY_TM.pdf,https://drive.google.com/file/d/1sM3Tp4Qc7j51ZACAF1xSA2f--0PBviOn/view?usp=drivesdk,Smarthing,2002,Aji Windu,21 x 17 cm,Print Grafis,E14-2,/QR/QR-Data-TM/SG-029-AJW-02-BBY-TM.png
SG/030/SBG/83/BBY/TM,SG_030_SBG_83_BBY_TM.pdf,https://drive.google.com/file/d/17R0Qm7FGDxfkYDFSETFNo3zaXXtTqLGl/view?usp=drivesdk,Laut dan Matahari,1983,Sartono Basgodo,54 x 66 cm,Wood cut,E06-1,/QR/QR-Data-TM/SG-030-SBG-83-BBY-TM.png
SG/031/MMS/01/BBY/TM,SG_031_MMS_01_BBY_TM.pdf,https://drive.google.com/file/d/1b4j2yDfZknDuieWCRrfnr91zp5DbjF3e/view?usp=drivesdk,Terbatas oleh Waktu,2001,Meilina Mira Sari,43 x 64 cm,Silk Screen,E03-1,/QR/QR-Data-TM/SG-031-MMS-01-BBY-TM.png
SG/032/ARH/03/BBY/TM,SG_032_ARH_03_BBY_TM.pdf,https://drive.google.com/file/d/1sDzRWLpQC8ZV5HFOYHnN7OTvueuYtp6u/view?usp=drivesdk,Bajingan & Doa,2003,Arief Hidayatullah,21 x 16 cm,Intaglio,E07-2,/QR/QR-Data-TM/SG-032-ARH-03-BBY-TM.png
SG/033/AES/03/BBY/TM,SG_033_AES_03_BBY_TM.pdf,https://drive.google.com/file/d/1OFVoHqFkp9JADw-_0_wtOkyhcoN3EADL/view?usp=drivesdk,Panasnya Merah,2003,Arief Eko Saputro,40 x 60 cm,Hardboard Cut,E03-1,/QR/QR-Data-TM/SG-033-AES-03-BBY-TM.png
SG/034/YHM/03/BBY/TM,SG_034_YHM_03_BBY_TM.pdf,https://drive.google.com/file/d/1hpn-H37Nt8ZZ-Gy4FoQvT-PBaHS887uA/view?usp=drivesdk,Who...?,2003,Yohanes Martedi,15 x 74 cm,Etsa-Tinta cetak & Spray paint diatas kertas,E06-1,/QR/QR-Data-TM/SG-034-YHM-03-BBY-TM.png
SG/035/ANI/04/BBY/TM,SG_035_ANI_04_BBY_TM.pdf,https://drive.google.com/file/d/1DAYG4uMXhHYk7BYIDqgiMma38WgagUll/view?usp=drivesdk,Menanti,2004,Sri Wahyuni,16 x 34 cm,Etsa di atas kertas,E10-1,/QR/QR-Data-TM/SG-035-ANI-04-BBY-TM.png
SG/036/DAA/02/BBY/TM,SG_036_DAA_02_BBY_TM.pdf,https://drive.google.com/file/d/1FIOTqPd3BIqU4Rm9svy2k2WqMM6LoGy0/view?usp=drivesdk,Jalan Dari-Nya,2002,Dadlan Afrelno,52 x 90 cm,Hardboard Cut on Paper,E07-1,/QR/QR-Data-TM/SG-036-DAA-02-BBY-TM.png
SG/037/SPL/05/BBY/TM,SG_037_SPL_05_BBY_TM.pdf,https://drive.google.com/file/d/15H09gpEJGnJtbBzvKCbWSfHW0V26c6Rc/view?usp=drivesdk,Rines (Istri Hermanto) dan Anaknya,2005,Syahrizal Pahlevi,50 x 45 cm,Wood cut,E12-1,/QR/QR-Data-TM/SG-037-SPL-05-BBY-TM.png
SG/038/MMS/05/BBY/TM,SG_038_MMS_05_BBY_TM.pdf,https://drive.google.com/file/d/1RfOm6GzPR2uAdH-chs9GdMMZK0CtMCoq/view?usp=drivesdk,Pijitan Sayang,2005,Meilina Mira Sari,40 x 60 cm,Hardboard cut,E03-1,/QR/QR-Data-TM/SG-038-MMS-05-BBY-TM.png
SG/039/HYO/05/BBY/TM,SG_039_HYO_05_BBY_TM.pdf,https://drive.google.com/file/d/1gspWAl03kuQMrUmnGwWqYeRv0nNuEqX5/view?usp=drivesdk,Oh My Love,2005,Hasan Yuwomo,82 x 65 cm,Mix media di atas karton,E02-1,/QR/QR-Data-TM/SG-039-HYO-05-BBY-TM.png
SG/040/IRL/06/BBY/TM,SG_040_IRL_06_BBY_TM.pdf,https://drive.google.com/file/d/1-NO7iARvVnUP2pzDjz26HhW7v9EuQqSZ/view?usp=drivesdk,Matinya Ibu Penggembala Domba,2006,Irwanto Lentho,40 cx 100 cm,Hardboard Cut pada kertas,E14-2,/QR/QR-Data-TM/SG-040-IRL-06-BBY-TM.png
SG/041/CAT/07/BBY/TM,SG_041_CAT_07_BBY_TM.pdf,https://drive.google.com/file/d/1xDMbNzFv0c9MUD4bEuOs57Jo6vJF5Tqp/view?usp=drivesdk,25 Tahun Bentara Budaya Yogyakarta,2007,AC Andre Tanama,30 x 40 cm,Hardboard cut on canvas,E05-2,/QR/QR-Data-TM/SG-041-CAT-07-BBY-TM.png
SG/042/STP/03/BBY/TM,SG_042_STP_03_BBY_TM.pdf,https://drive.google.com/file/d/1EVl4tk7gGb9WRSSagkWdI2IzzkLdoPS6/view?usp=drivesdk,Mauku Belum Tentu Mauku,2008,A. T. Sitompul,175 x 135 cm,hardboard cut on canvas,E12-2,/QR/QR-Data-TM/SG-042-STP-03-BBY-TM.png
SG/043/HPY/08/BBY/TM,SG_043_HPY_08_BBY_TM.pdf,https://drive.google.com/file/d/14tP1Qj1S1I9vEuwWiv5f4vFXUtdD9gwG/view?usp=drivesdk,Ojo Dumeh,2008,Herpriyanto,200 x 150 cm,Digital Print,E13-2,/QR/QR-Data-TM/SG-043-HPY-08-BBY-TM.png
SG/044/NHC/09/BBY/TM,SG_044_NHC_09_BBY_TM.pdf,https://drive.google.com/file/d/1q2Jne9bOmxCJSj-7tm4X794iLv8h0flc/view?usp=drivesdk,Tembok Rumahku,2009,Nugroho Heri Cahyono,150 x 150 cm,Oil & glueprint on canvas,E12-2,/QR/QR-Data-TM/SG-044-NHC-09-BBY-TM.png
SG/045/ANM/09/BBY/TM,SG_045_ANM_09_BBY_TM.pdf,https://drive.google.com/file/d/1UrrUsQYEk9GGr2ykfjcYrFyJ79f6C50o/view?usp=drivesdk,Mengharap Datangnya,2009,Alexander Nawangseto Mahendrapati,77 x 58 cm,Monotype Hardboard Cut,E09-1,/QR/QR-Data-TM/SG-045-ANM-09-BBY-TM.png
SG/046/DHP/09/BBY/TM,SG_046_DHP_09_BBY_TM.pdf,https://drive.google.com/file/d/1eQLRCDQmt2Bh2iiIpZScDA22jw7ZXRG6/view?usp=drivesdk,Lahirnya Sang Legenda,2009,Danang Hadi Phe,60 x 47 cm,Allugraph,E10-2,/QR/QR-Data-TM/SG-046-DHP-09-BBY-TM.png
SG/047/DRH/09/BBY/TM,SG_047_DRH_09_BBY_TM.pdf,https://drive.google.com/file/d/1WbF8XvFy2mNPRKn7XHFpspDT9-KP0g8g/view?usp=drivesdk,S.O.S,2009,Deni Rahman,130 x 240 cm,Hardboard cut on fabric,F07-2,/QR/QR-Data-TM/SG-047-DRH-09-BBY-TM.png
SG/048/RPA/09/BBY/TM,SG_048_RPA_09_BBY_TM.pdf,https://drive.google.com/file/d/1qEFWuX3X_idzmG_uD2XNpzfz1Z_o_fSV/view?usp=drivesdk,To Struggle,2009,Rully Putra Adi Pratama,160 x 130 cm,Hardboard cut varian #1 on canvas,E15-2,/QR/QR-Data-TM/SG-048-RPA-09-BBY-TM.png
SG/049/TAS/09/BBY/TM,SG_049_TAS_09_BBY_TM.pdf,https://drive.google.com/file/d/1cgW_3CJsp1OyMaHUbi6S53MZMnFc802E/view?usp=drivesdk,Be Your Self,2009,Theresia Agustina Sitompul,76 x 56 cm,Allugraph,E09-1,/QR/QR-Data-TM/SG-049-TAS-09-BBY-TM.png
SG/050/CAT/09/BBY/TM,SG_050_CAT_09_BBY_TM.pdf,https://drive.google.com/file/d/1JPS3hpCrMQKAYXHCwE9HNE-MiNX2f1uj/view?usp=drivesdk,Bola Bali Mangan Ati,2009,AC Andre Tanama,95 x 130 cm,Hardboard cut on canvas,E08-1,/QR/QR-Data-TM/SG-050-CAT-09-BBY-TM.png
SG/051/ARN/10/BBY/TM,SG_051_ARN_10_BBY_TM.pdf,https://drive.google.com/file/d/1d5N8tiBZZxUGx6DT8-2z1eUlawqdcAQa/view?usp=drivesdk,Police Shoot Them,2010,Ariswan Adhitama,145 x 165 cm,"Tinta cetak, akrilik, cat spray di atas kanvas",E14-2 & E15-1,/QR/QR-Data-TM/SG-051-ARN-10-BBY-TM.png
SG/052/CAT/10/BBY/TM,SG_052_CAT_10_BBY_TM.pdf,https://drive.google.com/file/d/1xoc6NCtm7bnAlSDO_lnxqj975Of3tx7R/view?usp=drivesdk,Pity Bee #2,2010,AC Andre Tanama,200 x 145 cm,"Woodcut print, pencil, acrylic on canvas",E16-2,/QR/QR-Data-TM/SG-052-CAT-10-BBY-TM.png
SG/053/JHW/09/BBY/TM,SG_053_JHW_09_BBY_TM.pdf,https://drive.google.com/file/d/1zGo1bz3xB7A1CqJV4QXUiLfFr6sn95oC/view?usp=drivesdk,Citrosena dan Sumantri,2009,Junko Hayakawa,15 x 10 cm,Cukil kayu di atas kertas,E02-2,/QR/QR-Data-TM/SG-053-JHW-09-BBY-TM.png
SG/054/TAS/11/BBY/TM,SG_054_TAS_11_BBY_TM.pdf,https://drive.google.com/file/d/1F0UGPJf-dCEKt4PfqgCLNjKejl8OuNVW/view?usp=drivesdk,Safety First Kids,2011,Theresia Agustina Sitompul,57 x 75 cm,Litografi Plat alumunium on paper,E06-1,/QR/QR-Data-TM/SG-054-TAS-11-BBY-TM.png
SG/055/APH/11/BBY/TM,SG_055_APH_11_BBY_TM.pdf,https://drive.google.com/file/d/17Pj83axG9iNuVy_DfrrzAidNO1GjYS9W/view?usp=drivesdk,Alone,2011,Agung Pekik HP,130 x 114 cm,Woodcut on canvas,E14-1,/QR/QR-Data-TM/SG-055-APH-11-BBY-TM.png
SG/056/EPP/11/BBY/TM,SG_056_EPP_11_BBY_TM.pdf,https://drive.google.com/file/d/1K7cBsXv5e6x0LG-8y4q1qJWs6KLM6ATa/view?usp=drivesdk,Lingkaran Merah,2011,Eko Putro Prasetyo,D120 cm,Hardboard on canvas,E03-2,/QR/QR-Data-TM/SG-056-EPP-11-BBY-TM.png
SG/057/SUO/12/BBY/TM,SG_057_SUO_12_BBY_TM.pdf,https://drive.google.com/file/d/1Ixai_O-5F5rK49istsCUqcBcQU2Zpq8r/view?usp=drivesdk,Friendship,2012,Sutrisno,55 x 65 cm,Woodcut on canvas,E02-1,/QR/QR-Data-TM/SG-057-SUO-12-BBY-TM.png
SG/058/ALM/13/BBY/TM,SG_058_ALM_13_BBY_TM.pdf,https://drive.google.com/file/d/1uZfNDlr2FTkLOEhQTT3h5iPWFOmmnQtY/view?usp=drivesdk,Wiji Thukul (Planting Seed),2013,Alit Amdara,42 x 60 cm,Planting Seed,E13-1,/QR/QR-Data-TM/SG-058-ALM-13-BBY-TM.png
SG/059/DOI/13/BBY/TM,SG_059_DOI_13_BBY_TM.pdf,https://drive.google.com/file/d/1__VQarSWpgh5WeZ0s_FLTQpq71t6sXWz/view?usp=drivesdk,Ibu dan Anak,2013,Dodi Irwandi,16 x 15 cm,Etsa Aquatint 4/20,E02-2,/QR/QR-Data-TM/SG-059-DOI-13-BBY-TM.png
SG/060/AFI/14/BBY/TM,SG_060_AFI_14_BBY_TM.pdf,https://drive.google.com/file/d/1eM8X7XntXidfvY1MNLrbgaFqLT51PB7-/view?usp=drivesdk,Perampasan Oleh Negara,2014,"Ahmad Faisal Ismail ""Sukribo""",70 x 30 cm,"Kertas, tinta cina, pensil, cetak koran",E03-1,/QR/QR-Data-TM/SG-060-AFI-14-BBY-TM.png
SG/061/WAT/10/BBY/TM,SG_061_WAT_10_BBY_TM.pdf,https://drive.google.com/file/d/1Tkya8ydfVid1-wsZTkqz5p6aM7KmJRfj/view?usp=drivesdk,Untitled,2010,Wattanachot Tungateja,30 x 30 cm,Woodcut on paper,E12-2,/QR/QR-Data-TM/SG-061-WAT-10-BBY-TM.png
SG/062/MFA/14/BBY/TM,SG_062_MFA_14_BBY_TM.pdf,https://drive.google.com/file/d/1ncEvC2dNqAojzdIpSo0ThKtu9r7X1Ncg/view?usp=drivesdk,Monologue,2014,M. Fadhlil Abdi,45 x 45 cm,Linocut Print on Paper,E07-2,/QR/QR-Data-TM/SG-062-MFA-14-BBY-TM.png
SG/063/SPL/13/BBY/TM,SG_063_SPL_13_BBY_TM.pdf,https://drive.google.com/file/d/17s9M6qrh_n9KXSmn5UOtQPHV4jeyKZWi/view?usp=drivesdk,No title,2013,Syahrizal Pahlevi,20 x 20 cm,Woodcut ,F13-1,/QR/QR-Data-TM/SG-063-SPL-13-BBY-TM.png
SG/064/DDW/15/BBY/TM,SG_064_DDW_15_BBY_TM.pdf,https://drive.google.com/file/d/1ojOgXNHlXcFjVE2p3X7iZf3AVC7t-GxD/view?usp=drivesdk,Kesederhanaan,2015,Dawud Dwi Wibisono,75 x 55 cm,Silk screen diatas kanvas,E05-2,/QR/QR-Data-TM/SG-064-DDW-15-BBY-TM.png
SG/065/NFZ/13/BBY/TM,SG_065_NFZ_13_BBY_TM.pdf,https://drive.google.com/file/d/1seg3DKQSKDEf7Gtji6LYT2QZL1eTsPBu/view?usp=drivesdk,Gravel,2013,Nofrizaldi,90 x 90 cm,Hardboard cut on canvas,E03-2,/QR/QR-Data-TM/SG-065-NFZ-13-BBY-TM.png
SG/066/SMR/17/BBY/TM,SG_066_SMR_17_BBY_TM.pdf,https://drive.google.com/file/d/1LZueOdNdE_EXAKoRpT41AeB3Vm4VVekt/view?usp=drivesdk,Sungai,2017,Sri Maryanto ,37 x 53 cm,Litografi pada Kertas,E03-2,/QR/QR-Data-TM/SG-066-SMR-17-BBY-TM.png
SG/067/BGW/17/BBY/TM,SG_067_BGW_17_BBY_TM.pdf,https://drive.google.com/file/d/1W0qHPIBnOelMzBPCXlR5ssiQdVUeFWrA/view?usp=drivesdk,Simbiosis Mutualisme,2017,B. Gunawan,120 x 100 cm,Hardboard cut 1/1 pada kanvas,E15-2,/QR/QR-Data-TM/SG-067-BGW-17-BBY-TM.png
SG/068/IRL/18/BBY/TM,SG_068_IRL_18_BBY_TM.pdf,https://drive.google.com/file/d/1t-LMob-stLKSMavM0kEVK9sL7kjBtU-F/view?usp=drivesdk,Lare Sankara Irwanatha,2018,Irwanto Lentho,80 x 80 cm,"Hardboard cut, stencil, and hand coloring",E01-2,/QR/QR-Data-TM/SG-068-IRL-18-BBY-TM.png
SG/069/PRP/10/BBY/TM,SG_069_PRP_10_BBY_TM.pdf,https://drive.google.com/file/d/11z5y-yhUrhhUrPmNMbGDrgQ8AiHf3Gpw/view?usp=drivesdk,Redenominasi,2010,Praba Pangripta,52 x 68 cm,Cetak Digital,E02-1,/QR/QR-Data-TM/SG-069-PRP-10-BBY-TM.png
SG/070/JDI/01/BBY/TM,SG_070_JDI_01_BBY_TM.pdf,https://drive.google.com/file/d/1fti7ZCMrycEeCbZVr0I_xYHIbpr9GTwQ/view?usp=drivesdk,Gembala dan Tikus,2001,Jamyuli Dwi Imam,60 x 40 cm,Hardboard cut on paper,E01-2,/QR/QR-Data-TM/SG-070-JDI-01-BBY-TM.png
SG/071/FDK/18/BBY/TM,SG_071_FDK_18_BBY_TM.pdf,https://drive.google.com/file/d/1TwgvUndOvm1ioUgrE9Gr96Viv2hta8c0/view?usp=drivesdk,We March For All Human Right,2018,Fitriani Dwi Kurniasih,81 x 61 cm,"Woodcut, edisi 1/10",E10-2,/QR/QR-Data-TM/SG-071-FDK-18-BBY-TM.png
SG/072/ABT/13/BBY/TM,SG_072_ABT_13_BBY_TM.pdf,https://drive.google.com/file/d/1dvDLyenL4lGGroBIWfl8UiqVAF9QtOK0/view?usp=drivesdk,Nyanyian Daun-daun Gugur,2013,Alim Bakhtiar,13 x 22 cm,drypoint 1/50,E04-2,/QR/QR-Data-TM/SG-072-ABT-13-BBY-TM.png
SG/073/HDW/16/BBY/TM,SG_073_HDW_16_BBY_TM.pdf,https://drive.google.com/file/d/1fqR1yjUhhcuEKmwM1sAkK2u4i2KbWcJV/view?usp=drivesdk,Sujud Kendang,2016,Herpri Dinawan,200 x 110 cm,cetak digital diatas banner,E16-2,/QR/QR-Data-TM/SG-073-HDW-16-BBY-TM.png
SG/074/FAR/13/BBY/TM,SG_074_FAR_13_BBY_TM.pdf,https://drive.google.com/file/d/1hy7w0RhjGgxXXZH-E6GSmx5E1RtSvm1v/view?usp=drivesdk,Tulisan Blog,2013,Farsijana Adeney Risakota,58.5 x 89 cm,Digital Print,E12-1,/QR/QR-Data-TM/SG-074-FAR-13-BBY-TM.png
SG/075/RSF/20/BBY/TM,SG_075_RSF_20_BBY_TM.pdf,https://drive.google.com/file/d/1mIfgAZl0sR4hygN9s8l2LuqLAVa3Lwux/view?usp=drivesdk,Untitled,2020,Risya Falah,60 x 80 cm,Linocut on paper,E02-2,/QR/QR-Data-TM/SG-075-RSF-20-BBY-TM.png
SG/076/HWF/18/BBY/TM,SG_076_HWF_18_BBY_TM.pdf,https://drive.google.com/file/d/1qTJjl6pXB7n8t469PFtwNockq-ytZV2i/view?usp=drivesdk,Dua Perempuan,2018,Happy W Firdaus,59 x 76 cm,Woodcut,E02-2,/QR/QR-Data-TM/SG-076-HWF-18-BBY-TM.png
SG/077/MFA/14/BBS/TM,SG_077_MFA_14_BBS_TM.pdf,https://drive.google.com/file/d/1uHTCp9PTXd9gvebI44sAnuht0mu0WwjH/view?usp=drivesdk,Falling in Black,2014,M. Fadhlil Abdi,33 x 73 cm,Monotype,E04-2,/QR/QR-Data-TM/SG-077-MFA-14-BBS-TM.png
SG/078/BGW/15/BBS/TM,SG_078_BGW_15_BBS_TM.pdf,https://drive.google.com/file/d/1s6ar0UwMQO_8A6baWHrF2LiXVln8nFKN/view?usp=drivesdk,Kondang-Made In Indonesia,2015,B. Gunawan,77 x 88 cm,,E04-2,/QR/QR-Data-TM/SG-078-BGW-15-BBS-TM.png
SG/079/SNQ/93/BBS/TM,SG_079_SNQ_93_BBS_TM.pdf,https://drive.google.com/file/d/15-tKXwk-SmBm6K8hzvfTxneLJIGFWSAx/view?usp=drivesdk,Suatu Pagi,1993,Siti Nur Qomariah (Kokom Ompong),50 x 60 cm,Hardboard cut on paper,E13-1,/QR/QR-Data-TM/SG-079-SNQ-93-BBS-TM.png
SG/080/BGW/17/BBS/TM,SG_080_BGW_17_BBS_TM.pdf,https://drive.google.com/file/d/18I6aR1iJ9NQDwkE25FGe3ADw5jhe48pC/view?usp=drivesdk,EGP,2017,B. Gunawan,81 x 100 cm,"Hardboard cut on paper, edisi 1/1",E05-1,/QR/QR-Data-TM/SG-080-BGW-17-BBS-TM.png
SG/081/TPS/15/BBS/TM,SG_081_TPS_15_BBS_TM.pdf,https://drive.google.com/file/d/1DOkFL_1LloJwTpFlIs9LlLXcQikOvFzZ/view?usp=drivesdk,RMS/Teras,2015,Teras Print Studio,99 x 57 cm,Woodcut 1/100,E12-2,/QR/QR-Data-TM/SG-081-TPS-15-BBS-TM.png